State/Territory,Resort
Alabama Golf Resorts,https://www.golfpass.com/travel-advisor/resorts/alabama/
Arizona Golf Resorts,https://www.golfpass.com/travel-advisor/resorts/arizona/
Arkansas Golf Resorts,https://www.golfpass.com/travel-advisor/resorts/arkansas/
California Golf Resorts,https://www.golfpass.com/travel-advisor/resorts/california/
Colorado Golf Resorts,https://www.golfpass.com/travel-advisor/resorts/colorado/
Connecticut Golf Resorts,https://www.golfpass.com/travel-advisor/resorts/Connecticut/
Delaware Golf Resorts,https://www.golfpass.com/travel-advisor/resorts/Delaware/
Florida Golf Resorts,https://www.golfpass.com/travel-advisor/resorts/florida/
Georgia Golf Resorts,https://www.golfpass.com/travel-advisor/resorts/georgia/
Hawaii Golf Resorts,https://www.golfpass.com/travel-advisor/resorts/hawaii/
Idaho Golf Resorts,https://www.golfpass.com/travel-advisor/resorts/Idaho/
Indiana Golf Resorts,https://www.golfpass.com/travel-advisor/resorts/indiana/
Illinois Golf Resorts,https://www.golfpass.com/travel-advisor/resorts/illinois/
Iowa Golf Resorts,https://www.golfpass.com/travel-advisor/resorts/Iowa/
Kansas Golf Resorts,https://www.golfpass.com/travel-advisor/resorts/kansas/
Kentucky Golf Resorts,https://www.golfpass.com/travel-advisor/resorts/kentucky/
Louisiana Golf Resorts,https://www.golfpass.com/travel-advisor/resorts/louisiana/
Maine Golf Resorts,https://www.golfpass.com/travel-advisor/resorts/Maine/
Maryland Golf Resorts,https://www.golfpass.com/travel-advisor/resorts/maryland/
Massachusetts Golf Resorts,https://www.golfpass.com/travel-advisor/resorts/massachusetts/
Michigan Golf Resorts,https://www.golfpass.com/travel-advisor/resorts/michigan/
Minnesota Golf Resorts,https://www.golfpass.com/travel-advisor/resorts/minnesota/
Missouri Golf Resorts,https://www.golfpass.com/travel-advisor/resorts/missouri/
Mississippi Golf Resorts,https://www.golfpass.com/travel-advisor/resorts/mississippi/
Montana Golf Resorts,https://www.golfpass.com/travel-advisor/resorts/Montana/
Nebraska Golf Resorts,https://www.golfpass.com/travel-advisor/resorts/nebraska/
Nevada Golf Resorts,https://www.golfpass.com/travel-advisor/resorts/nevada/
New Hampshire Golf Resorts,https://www.golfpass.com/travel-advisor/resorts/new-hampshire/
New Jersey Golf Resorts,https://www.golfpass.com/travel-advisor/resorts/new-jersey/
New Mexico Golf Resorts,https://www.golfpass.com/travel-advisor/resorts/new-mexico/
New York Golf Resorts,https://www.golfpass.com/travel-advisor/resorts/new-york/
North Carolina Golf Resorts,https://www.golfpass.com/travel-advisor/resorts/north-carolina/
North Dakota Golf Resorts,https://www.golfpass.com/travel-advisor/resorts/north-dakota/
Ohio Golf Resorts,https://www.golfpass.com/travel-advisor/resorts/ohio/
Oklahoma Golf Resorts,https://www.golfpass.com/travel-advisor/resorts/oklahoma/
Oregon Golf Resorts,https://www.golfpass.com/travel-advisor/resorts/oregon/
Pennsylvania Golf Resorts,https://www.golfpass.com/travel-advisor/resorts/pennsylvania/
Texas Golf Resorts,https://www.golfpass.com/travel-advisor/resorts/texas/
South Carolina Golf Resorts,https://www.golfpass.com/travel-advisor/resorts/south-carolina/
South Dakota Golf Resorts,https://www.golfpass.com/travel-advisor/resorts/south-dakota/
Tennessee Golf Resorts,https://www.golfpass.com/travel-advisor/resorts/tennessee/
Utah Golf Resorts,https://www.golfpass.com/travel-advisor/resorts/utah/
Vermont Golf Resorts,https://www.golfpass.com/travel-advisor/resorts/vermont/
Virginia Golf Resorts,https://www.golfpass.com/travel-advisor/resorts/virginia/
Wisconsin Golf Resorts,https://www.golfpass.com/travel-advisor/resorts/wisconsin/
Wyoming Golf Resorts,https://www.golfpass.com/travel-advisor/resorts/Wyoming/
Washington Golf Resorts,https://www.golfpass.com/travel-advisor/resorts/washington/
West Virginia Golf Resorts,https://www.golfpass.com/travel-advisor/resorts/west-virginia/
Puerto Rico Golf Resorts,https://www.golfpass.com/travel-advisor/resorts/puerto-rico-golf-resorts
